[
    {
        "label":"Style 1",
        "value":"theme1",
        "content":"<!-- wp:b-blocks/ticker-plugins /-->"
    },
    {
        "label":"Style 2",
        "value":"theme2",
        "content":"<!-- wp:b-blocks/ticker-plugins {\"styles\":{\"width\":{\"desktop\":\"100%\",\"tablet\":\"100%\",\"mobile\":\"100%\"},\"height\":{\"desktop\":\"379px\",\"tablet\":\"379px\",\"mobile\":\"300px\"},\"bg\":{\"color\":\"#030303\"},\"ticker\":{\"colors\":{\"color\":\"#b6b6b8\",\"bg\":\"#191a1c\"},\"rightSideColors\":{\"color\":\"#b6b6b8\",\"bg\":\"#170945\"},\"typho\":{\"fontWeight\":\"700\",\"fontSize\":{\"desktop\":18,\"tablet\":18,\"mobile\":18},\"fontFamily\":\"sans-serif\"},\"padding\":{\"top\":\"10px\",\"right\":\"20px\",\"bottom\":\"10px\",\"left\":\"20px\"},\"radius\":{\"top\":\"10px\",\"right\":\"10px\",\"bottom\":\"10px\",\"left\":\"10px\"},\"gap\":\"6px\",\"icon\":{\"size\":\"16px\",\"color\":\"#b6b6b8\",\"image\":{\"width\":\"48px\",\"height\":\"48px\"},\"radius\":{\"top\":\"0px\",\"right\":\"0px\",\"bottom\":\"0px\",\"left\":\"0px\"}}}},\"layout\":{\"ticker\":{\"columnGap\":\"16px\",\"rowGap\":\"15px\",\"gap\":\"15px\"}},\"options\":{\"hoverStop\":true,\"effect\":false,\"pulserAnimation\":true,\"newTab\":true,\"animationDuration\":120,\"firstColumnDirection\":\"right\",\"secondeColumnDirection\":\"left\",\"duplicateColumn\":true,\"isAnimationShowMobile\":true},\"selectTheme\":\"theme2\",\"advanced\":{\"dimension\":{\"margin\":{\"desktop\":{\"top\":\"0px\",\"right\":\"0px\",\"bottom\":\"0px\",\"left\":\"0px\"},\"mobile\":{\"top\":\"0px\",\"right\":\"0px\",\"bottom\":\"0px\",\"left\":\"0px\"},\"tablet\":{\"top\":\"0px\",\"right\":\"0px\",\"bottom\":\"0px\",\"left\":\"0px\"}},\"padding\":{\"desktop\":{\"top\":\"10px\",\"right\":\"50px\",\"bottom\":\"10px\",\"left\":\"50px\"},\"mobile\":{\"top\":\"10px\",\"right\":\"20px\",\"bottom\":\"10px\",\"left\":\"20px\"},\"tablet\":{\"top\":\"10px\",\"right\":\"50px\",\"bottom\":\"10px\",\"left\":\"50px\"}}},\"borderShadow\":{\"normal\":{\"radius\":{\"top\":\"0px\",\"right\":\"0px\",\"bottom\":\"0px\",\"left\":\"0px\"}}},\"background\":{\"normal\":{\"type\":\"color\",\"color\":\"#040116\",\"gradient\":{\"type\":\"linear\",\"radialType\":\"ellipse\",\"colors\":[{\"color\":\"\",\"position\":0},{\"color\":\"\",\"position\":80}],\"centerPositions\":{\"x\":0,\"y\":0},\"angel\":90},\"img\":{\"url\":\"\",\"desktop\":{\"position\":\"\",\"repeat\":\"no-repeat\"},\"tablet\":{\"position\":\"\",\"repeat\":\"no-repeat\"},\"mobile\":{\"position\":\"\",\"repeat\":\"no-repeat\"}}},\"hover\":{\"type\":\"color\",\"color\":\"\",\"gradient\":{\"type\":\"linear\",\"radialType\":\"ellipse\",\"colors\":[{\"color\":\"\",\"position\":0},{\"color\":\"\",\"position\":80}],\"centerPositions\":{\"x\":0,\"y\":0},\"angel\":90},\"transition\":0.3,\"img\":{\"url\":\"\",\"desktop\":[],\"tablet\":[],\"mobile\":[]}},\"hoverType\":\"normal\"}}} /-->"
    },
    { 
        "label":"Style 3",
        "value":"theme3",
        "content":"<!-- wp:b-blocks/ticker-plugins {\"styles\":{\"width\":{\"desktop\":\"100%\",\"tablet\":\"100%\",\"mobile\":\"100%\"},\"height\":{\"desktop\":\"165px\",\"tablet\":\"165px\",\"mobile\":\"165px\"},\"bg\":{\"color\":\"#030303\"},\"ticker\":{\"colors\":{\"color\":\"#192534\",\"bg\":\"\"},\"rightSideColors\":{\"color\":\"#b6b6b8\",\"bg\":\"#170945\"},\"typho\":{\"fontWeight\":\"700\",\"fontSize\":{\"desktop\":66,\"tablet\":66,\"mobile\":30},\"fontFamily\":\"sans-serif\"},\"padding\":{\"top\":\"0px\",\"right\":\"0px\",\"bottom\":\"0px\",\"left\":\"0px\"},\"radius\":{\"top\":\"0px\",\"right\":\"0px\",\"bottom\":\"0px\",\"left\":\"0px\"},\"gap\":\"16px\",\"icon\":{\"size\":\"16px\",\"color\":\"#b6b6b8\",\"image\":{\"width\":\"48px\",\"height\":\"48px\"},\"radius\":{\"top\":\"0px\",\"right\":\"0px\",\"bottom\":\"0px\",\"left\":\"0px\"}}}},\"layout\":{\"ticker\":{\"columnGap\":\"10px\",\"rowGap\":\"15px\",\"gap\":\"15px\"}},\"options\":{\"hoverStop\":true,\"effect\":false,\"pulserAnimation\":false,\"newTab\":true,\"animationDuration\":120,\"firstColumnDirection\":\"right\",\"secondeColumnDirection\":\"left\",\"duplicateColumn\":false,\"isAnimationShowMobile\":true},\"selectTheme\":\"theme3\",\"advanced\":{\"dimension\":{\"margin\":{\"desktop\":{\"top\":\"0px\",\"right\":\"0px\",\"bottom\":\"0px\",\"left\":\"0px\"},\"mobile\":{\"top\":\"0px\",\"right\":\"0px\",\"bottom\":\"0px\",\"left\":\"0px\"},\"tablet\":{\"top\":\"0px\",\"right\":\"0px\",\"bottom\":\"0px\",\"left\":\"0px\"}},\"padding\":{\"desktop\":{\"top\":\"0px\",\"right\":\"0px\",\"bottom\":\"0px\",\"left\":\"0px\"},\"mobile\":{\"top\":\"0px\",\"right\":\"0px\",\"bottom\":\"0px\",\"left\":\"0px\"},\"tablet\":{\"top\":\"0px\",\"right\":\"0px\",\"bottom\":\"0px\",\"left\":\"0px\"}}},\"borderShadow\":{\"normal\":{\"radius\":{\"top\":\"0px\",\"right\":\"0px\",\"bottom\":\"0px\",\"left\":\"0px\"}}},\"background\":{\"normal\":{\"type\":\"color\",\"color\":\"#FFFFFF\",\"gradient\":{\"type\":\"linear\",\"radialType\":\"ellipse\",\"colors\":[{\"color\":\"\",\"position\":0},{\"color\":\"\",\"position\":80}],\"centerPositions\":{\"x\":0,\"y\":0},\"angel\":90},\"img\":{\"url\":\"\",\"desktop\":{\"position\":\"\",\"repeat\":\"no-repeat\"},\"tablet\":{\"position\":\"\",\"repeat\":\"no-repeat\"},\"mobile\":{\"position\":\"\",\"repeat\":\"no-repeat\"}}},\"hover\":{\"type\":\"color\",\"color\":\"\",\"gradient\":{\"type\":\"linear\",\"radialType\":\"ellipse\",\"colors\":[{\"color\":\"\",\"position\":0},{\"color\":\"\",\"position\":80}],\"centerPositions\":{\"x\":0,\"y\":0},\"angel\":90},\"transition\":0.3,\"img\":{\"url\":\"\",\"desktop\":[],\"tablet\":[],\"mobile\":[]}},\"hoverType\":\"normal\"}}} /-->"

    }
]